"RelativePath","PriorSHA256","CurrentSHA256","Unchanged","AuthorizedExporterChange"
"brain/include/XVatsim/brain/BrainOwnedRuntime.h","AFB5DC0A5DA15AB48DD8988759D2C15A1DBE8F3A59164F2E0FBACFC7BFA7A432","AFB5DC0A5DA15AB48DD8988759D2C15A1DBE8F3A59164F2E0FBACFC7BFA7A432","True","False"
"brain/src/BrainOwnedRuntime.cpp","9E3EF623E0F2768540835D6225DBEE6EF86847C556E91C9F52C597FB15772803","9E3EF623E0F2768540835D6225DBEE6EF86847C556E91C9F52C597FB15772803","True","False"
"CMakeLists.txt","3D862C778D41443D601DCC51116A9B1CAC9ED19A7356D6C290AEBC5FCCD8FE1D","3D862C778D41443D601DCC51116A9B1CAC9ED19A7356D6C290AEBC5FCCD8FE1D","True","False"
"modules/overlay/CMakeLists.txt","1AC36A4A80D07E121D80DB3F50AEB7EBFDD7670A5398835266DF40CF8890BD91","1AC36A4A80D07E121D80DB3F50AEB7EBFDD7670A5398835266DF40CF8890BD91","True","False"
"modules/overlay/include/XVatsim/modules/overlay/OverlayAccessoryCore.h","F20F2EC907442EAD0D449DDB9BF09DCEE425471D873706BB67C1E478EC50EC23","F20F2EC907442EAD0D449DDB9BF09DCEE425471D873706BB67C1E478EC50EC23","True","False"
"modules/overlay/include/XVatsim/modules/overlay/OverlayVisualProof.h","11889DC9116C21BACB1D28B291CADD2E0D8594ADBB35AB86F320F319E309B3AB","11889DC9116C21BACB1D28B291CADD2E0D8594ADBB35AB86F320F319E309B3AB","True","False"
"modules/overlay/include/XVatsim/modules/overlay/OverlayWindow.h","949FC8E82FB9D9645B24C9AA02B218BEF4EAAC7798E0147DBB4C594F46CF97C4","949FC8E82FB9D9645B24C9AA02B218BEF4EAAC7798E0147DBB4C594F46CF97C4","True","False"
"modules/overlay/src/OverlayAccessoryCore.cpp","24142691B49F3E48CA1F617AC970829E8A37C4F6840416A7B7E0AC3F62590AAB","24142691B49F3E48CA1F617AC970829E8A37C4F6840416A7B7E0AC3F62590AAB","True","False"
"modules/overlay/src/OverlayWindow.cpp","4B519225157F873D184F2DC697562319E890B4EBA216E43F24FAC0438BD37921","4B519225157F873D184F2DC697562319E890B4EBA216E43F24FAC0438BD37921","True","False"
"plugin/CMakeLists.txt","3E4BAED0A13C3F35B5318ED2EB52D80A146F03C8D9222A13C7FDBA236F61C79F","3E4BAED0A13C3F35B5318ED2EB52D80A146F03C8D9222A13C7FDBA236F61C79F","True","False"
"plugin/src/Step3LiveProofFixtures.cpp","A44FFFF0A3DBA037AAD16F827FC60A77B87C4745E46286990599C548AFA8D141","A44FFFF0A3DBA037AAD16F827FC60A77B87C4745E46286990599C548AFA8D141","True","False"
"plugin/src/Step3LiveProofFixtures.h","12F191B84B2754B5EC71BCE64FA8CAA2CD1AFF494DF834257E638B5380EBBCC0","12F191B84B2754B5EC71BCE64FA8CAA2CD1AFF494DF834257E638B5380EBBCC0","True","False"
"plugin/src/XVatsimPlugin.cpp","E7B9DF73F8B771EEEDF2FBE9A0DDF5C59734F5E271D26F8F69845C71CB070353","E7B9DF73F8B771EEEDF2FBE9A0DDF5C59734F5E271D26F8F69845C71CB070353","True","False"
"tools/regression_harness/CMakeLists.txt","F03B020AEBB92332933AD0AC1951FE35ADD916951070E2C79CA6D28071AF888C","F03B020AEBB92332933AD0AC1951FE35ADD916951070E2C79CA6D28071AF888C","True","False"
"tools/regression_harness/README.txt","31251A8DCC54E48D2452BD33A34231CA7484606225C9A435EAA5D7B9F28075BD","31251A8DCC54E48D2452BD33A34231CA7484606225C9A435EAA5D7B9F28075BD","True","False"
"tools/regression_harness/scenarios/v2_step3_accessory_shell_default_neutral_closed.scn","A95D3177DBE97BA6450A8CE91DCC984D02D9A75BEBCC62B813412D287C6EBD05","A95D3177DBE97BA6450A8CE91DCC984D02D9A75BEBCC62B813412D287C6EBD05","True","False"
"tools/regression_harness/scenarios/v2_step3_action_render_work_is_bounded.scn","0C6BD1727DCFBA518C5D82B8F38661C5281847D07B9D4ABE826768415F5986DC","0C6BD1727DCFBA518C5D82B8F38661C5281847D07B9D4ABE826768415F5986DC","True","False"
"tools/regression_harness/scenarios/v2_step3_atis_orb_toggle.scn","E23ADB435101719B1297CE1653A192CB305B18610CE52D26218D3734E2184A13","E23ADB435101719B1297CE1653A192CB305B18610CE52D26218D3734E2184A13","True","False"
"tools/regression_harness/scenarios/v2_step3_cache_preserving_refresh_preserves_histories.scn","0B84D0424ADA718C47345A87ECA1FBDDFF619E5A21BDC0090F1C31E78AE2736E","0B84D0424ADA718C47345A87ECA1FBDDFF619E5A21BDC0090F1C31E78AE2736E","True","False"
"tools/regression_harness/scenarios/v2_step3_callsign_change_blocks_prior_pdc_history.scn","DD9CCCAED254EE493998A91C51E4619E9BBE3BB674AAFEDA9A85F5B0CBD27859","DD9CCCAED254EE493998A91C51E4619E9BBE3BB674AAFEDA9A85F5B0CBD27859","True","False"
"tools/regression_harness/scenarios/v2_step3_click_request_exactly_once.scn","F0BCFFFEC993ECDBEC3C56C9C10413027BE2FD810B8B9F2D675E9F0D791C539D","F0BCFFFEC993ECDBEC3C56C9C10413027BE2FD810B8B9F2D675E9F0D791C539D","True","False"
"tools/regression_harness/scenarios/v2_step3_close_reopen_preserves_entries_and_resets_top.scn","6341196C470B6E2EC0210BD4452257A4DBB45E4C9D835EEF5F67164810C3F945","6341196C470B6E2EC0210BD4452257A4DBB45E4C9D835EEF5F67164810C3F945","True","False"
"tools/regression_harness/scenarios/v2_step3_closed_drawer_cache_update_no_raster.scn","D367A9FF86742753B69776530A8FF63B1C38E1CDB8A0A17B9791135AC7E7A186","D367A9FF86742753B69776530A8FF63B1C38E1CDB8A0A17B9791135AC7E7A186","True","False"
"tools/regression_harness/scenarios/v2_step3_drawer_normal_text_wrap.scn","68B3463DEE76EC70F7BEE114DDC7E56752011AB42F4BBAE835BD967D9C0B2D9E","68B3463DEE76EC70F7BEE114DDC7E56752011AB42F4BBAE835BD967D9C0B2D9E","True","False"
"tools/regression_harness/scenarios/v2_step3_drawer_scroll_isolation_and_reopen_resets_top.scn","DA4E2D1D323BF886E870F55EBEBA1DE809F268E6CA877284A79071B03ADF95F0","DA4E2D1D323BF886E870F55EBEBA1DE809F268E6CA877284A79071B03ADF95F0","True","False"
"tools/regression_harness/scenarios/v2_step3_drawer_unbroken_token_wrap.scn","B5520B1D59C7E11432599F14524843AF65D4ADDE2A123EBC8E5343DD88BADACD","B5520B1D59C7E11432599F14524843AF65D4ADDE2A123EBC8E5343DD88BADACD","True","False"
"tools/regression_harness/scenarios/v2_step3_drawer_wheel_scope_and_main_scroll_independence.scn","DE9414EF81DC2EB72D8D23897EEF1447627068E27089BB09FF70A29CAB9955E2","DE9414EF81DC2EB72D8D23897EEF1447627068E27089BB09FF70A29CAB9955E2","True","False"
"tools/regression_harness/scenarios/v2_step3_duplicate_stable_key_noop.scn","187F9440451248849616555FCF1F9456B58851B2CC2FFFBB61A2ED7CCB55ED6F","187F9440451248849616555FCF1F9456B58851B2CC2FFFBB61A2ED7CCB55ED6F","True","False"
"tools/regression_harness/scenarios/v2_step3_forced_close_preserves_histories.scn","F8CCA17EE4A60EC09A95F9362E1A23E427848F82F45E4786590A8DA8254A278A","F8CCA17EE4A60EC09A95F9362E1A23E427848F82F45E4786590A8DA8254A278A","True","False"
"tools/regression_harness/scenarios/v2_step3_full_reset_boundaries_clear_histories.scn","30BCF8DC39BF5F0C5600609657849BABB46343ED2AA0B9E1A04E0990D468A808","30BCF8DC39BF5F0C5600609657849BABB46343ED2AA0B9E1A04E0990D468A808","True","False"
"tools/regression_harness/scenarios/v2_step3_history_newest_first_order.scn","449158940240814C8586C5CC16DEA6929D4117D7D5F926F128485E5770CA5229","449158940240814C8586C5CC16DEA6929D4117D7D5F926F128485E5770CA5229","True","False"
"tools/regression_harness/scenarios/v2_step3_ifr_vfr_shell_history_parity.scn","AA990EF130CF33669607CCFF5133FD51D67A7B21CC7D015896B2FFF225354C26","AA990EF130CF33669607CCFF5133FD51D67A7B21CC7D015896B2FFF225354C26","True","False"
"tools/regression_harness/scenarios/v2_step3_long_history_scroll_final_marker.scn","8426C0A6FF268818A1EFB654F6932DB8FED1117433B4C41DB9D346C455DAA24A","8426C0A6FF268818A1EFB654F6932DB8FED1117433B4C41DB9D346C455DAA24A","True","False"
"tools/regression_harness/scenarios/v2_step3_main_card_controller_output_parity.scn","475CF912AD156637A9E0F28404A6CBFA0D0917BEF823F41FF331EED031C95991","475CF912AD156637A9E0F28404A6CBFA0D0917BEF823F41FF331EED031C95991","True","False"
"tools/regression_harness/scenarios/v2_step3_metar_orb_toggle.scn","DCAA715D61F38DD880C5B6EEB26DF6B50E39D18D7E865145DD5A03BE5FBD0700","DCAA715D61F38DD880C5B6EEB26DF6B50E39D18D7E865145DD5A03BE5FBD0700","True","False"
"tools/regression_harness/scenarios/v2_step3_oldest_first_byte_eviction.scn","A2E3139A747AAC9F27394BEE97A3D269EA49EF62A8ABD0A9589140148A666214","A2E3139A747AAC9F27394BEE97A3D269EA49EF62A8ABD0A9589140148A666214","True","False"
"tools/regression_harness/scenarios/v2_step3_oldest_first_count_eviction.scn","FEA64B73F6405C98DE2E77AA10439692661424CB7D7DBDC3671004E3DBB365D3","FEA64B73F6405C98DE2E77AA10439692661424CB7D7DBDC3671004E3DBB365D3","True","False"
"tools/regression_harness/scenarios/v2_step3_open_latest_cached_generation_once.scn","6CF9DDD5909BD24BF5B5A1D7C4152B8E32888428BC329829B84528AE9C69541C","6CF9DDD5909BD24BF5B5A1D7C4152B8E32888428BC329829B84528AE9C69541C","True","False"
"tools/regression_harness/scenarios/v2_step3_orb_hit_targets_scale_matrix.scn","34C55A0A0C662B7CFE46E7852785BCCF2EB198E8255939848E312EABBB5F1DC4","34C55A0A0C662B7CFE46E7852785BCCF2EB198E8255939848E312EABBB5F1DC4","True","False"
"tools/regression_harness/scenarios/v2_step3_orb_switch_single_surface.scn","36C4FA28BCCEF7C0D2EB1ED94EDDD30AE96270A53B53B092BE22238F0314049E","36C4FA28BCCEF7C0D2EB1ED94EDDD30AE96270A53B53B092BE22238F0314049E","True","False"
"tools/regression_harness/scenarios/v2_step3_oversized_entry_content_limited.scn","02BF711A600580A6002CC3D366BFE164AE562370B5F6F5DED3C44A0A4EFE8525","02BF711A600580A6002CC3D366BFE164AE562370B5F6F5DED3C44A0A4EFE8525","True","False"
"tools/regression_harness/scenarios/v2_step3_pdc_orb_toggle.scn","500A4B0B6A74F51CAA4BD57D0CC8B8D1C0FF75909AAD1DCB41158A7A8559A591","500A4B0B6A74F51CAA4BD57D0CC8B8D1C0FF75909AAD1DCB41158A7A8559A591","True","False"
"tools/regression_harness/scenarios/v2_step3_screen_clamp_matrix.scn","B64F668AA7BC6DD66D21CC3CEED4E6075690CD6CA07BCDBE16DEFF63D234E016","B64F668AA7BC6DD66D21CC3CEED4E6075690CD6CA07BCDBE16DEFF63D234E016","True","False"
"tools/regression_harness/scenarios/v2_step3_scroll_limits_no_render.scn","54C70DD7669692DCA9F604ECC13EEE4F14A68C3FF03B2F6BD6743F4EE2AFA289","54C70DD7669692DCA9F604ECC13EEE4F14A68C3FF03B2F6BD6743F4EE2AFA289","True","False"
"tools/regression_harness/scenarios/v2_step3_three_history_isolation_and_switch_preservation.scn","7F1352140CF30D37539613D48574DC10B9981E3A68AA2DD3167EFC3FF8BB886F","7F1352140CF30D37539613D48574DC10B9981E3A68AA2DD3167EFC3FF8BB886F","True","False"
"tools/regression_harness/scenarios/v2_step3_warm_unchanged_zero_render_work.scn","52AF0BC67F17BA51151377ED5A58E22A0E515D5D6FD6A6B857F3B779673A29D7","52AF0BC67F17BA51151377ED5A58E22A0E515D5D6FD6A6B857F3B779673A29D7","True","False"
"tools/regression_harness/src/main.cpp","F9042C107690532BCE725CA3B247AD5CED22E453CADBD97E328972428B17177B","F9042C107690532BCE725CA3B247AD5CED22E453CADBD97E328972428B17177B","True","False"
"tools/step3_live_fixture_proof/CMakeLists.txt","67CEFE29787BF7F4C2D00E669C02F62F2E3F1230291D98E743E6C9D7F230E50D","67CEFE29787BF7F4C2D00E669C02F62F2E3F1230291D98E743E6C9D7F230E50D","True","False"
"tools/step3_live_fixture_proof/src/main.cpp","8ECBA45969AAE6726DFEE92FB4B13242B3D66305E6D26503877058B13A66F408","8ECBA45969AAE6726DFEE92FB4B13242B3D66305E6D26503877058B13A66F408","True","False"
"tools/step3_visual_proof/CMakeLists.txt","13EB5BDA92AFDD777913BEF8B12C061927DE2A693E3F42E1D21CD9444C02052F","13EB5BDA92AFDD777913BEF8B12C061927DE2A693E3F42E1D21CD9444C02052F","True","False"
"tools/step3_visual_proof/src/main.cpp","04DE77785E4E59E204A89A0548BB68DC20C786F1932B3E5143C3B832E3BDE6BD","CB49A02F3B821C23D55E398E36479C94BB7797308A868DA94357D312B9FE3EC2","False","True"
