"Path","CurrentSHA256","ExpectedSHA256","Unchanged","GitBlob"
"docs/V1_2_3_PATCH_CLOSEOUT.md","8B2760724A34F6E9DE2560671A562C4F07EFFF60873C1DA18E3FA705F6B07F7C","8B2760724A34F6E9DE2560671A562C4F07EFFF60873C1DA18E3FA705F6B07F7C","True","dd8934d9d36ab4c06091595687305612ba74f4a8"
"outputs/v2_step_01_windows_proof_baseline_receipt.md","7A762200007C2AB0817C2DBE1997624F7CA17416A542012B641C153C18A39727","7A762200007C2AB0817C2DBE1997624F7CA17416A542012B641C153C18A39727","True","2c1b8d8b82044ec9da9143cd8f1f895fa1568493"
"outputs/v2_step_02_ifr_vfr_mode_foundation_receipt.md","9C7770DA29B354C1DE2F35224D9AFF9F0D02BC4658B8885EEDC3EA3C8F1FABF4","9C7770DA29B354C1DE2F35224D9AFF9F0D02BC4658B8885EEDC3EA3C8F1FABF4","True","e65703ef2281141410c64bbd6661e142fef88b5c"
"outputs/v2_step_02_live_evidence/01_ifr_default_no_preference.png","663C879DCB85D4B7A8DCEE4999B5F82B8CF271D61729CF5103E2C7F604ACB69B","663C879DCB85D4B7A8DCEE4999B5F82B8CF271D61729CF5103E2C7F604ACB69B","True","747ee5f8b11bb8eaced1b273466e7c46bd963854"
"outputs/v2_step_02_live_evidence/02_ifr_card_before_mode_change.png","663C879DCB85D4B7A8DCEE4999B5F82B8CF271D61729CF5103E2C7F604ACB69B","663C879DCB85D4B7A8DCEE4999B5F82B8CF271D61729CF5103E2C7F604ACB69B","True","747ee5f8b11bb8eaced1b273466e7c46bd963854"
"outputs/v2_step_02_live_evidence/03_vfr_selected_card_unchanged.png","D22970EC7C8DEB28B8BD2D3192379EAB6ABCEE4C645D549436C545AC0AAEC028","D22970EC7C8DEB28B8BD2D3192379EAB6ABCEE4C645D549436C545AC0AAEC028","True","dffd56eab0ce5d6a7a7edbeab8cdeb1b0bcb12ae"
"outputs/v2_step_02_live_evidence/04_vfr_after_reset_session.png","B7A2189E39E667A37BA32FB8F4758726727F06BF5AD9B4E5E887636E162E499D","B7A2189E39E667A37BA32FB8F4758726727F06BF5AD9B4E5E887636E162E499D","True","2444fad9746185585e9bf01b70bee359444435b8"
"outputs/v2_step_02_live_evidence/05_vfr_after_xpilot_reconnect.png","D0F14435B1A47849F284A1AD38F9586859E11E5A63DB0425CF4A28D23F483A39","D0F14435B1A47849F284A1AD38F9586859E11E5A63DB0425CF4A28D23F483A39","True","8bf1f1a5a3694efec994d9bcdceed5f86a5a7251"
"outputs/v2_step_02_live_evidence/06_vfr_after_restart.png","71B6BBA5AE3D0B1099F8EF44CB07AB8743B2305D566AFB335821EB75E97B6288","71B6BBA5AE3D0B1099F8EF44CB07AB8743B2305D566AFB335821EB75E97B6288","True","88273c8d5a6bd04a75263d35d90b25d88a7594c1"
"outputs/v2_step_02_live_evidence/07_ifr_selected_before_restart.png","8848E376C5ED5198FB8128636F5DD969195FB79729D0FBDCBA4A431AAC7815BC","8848E376C5ED5198FB8128636F5DD969195FB79729D0FBDCBA4A431AAC7815BC","True","59ba4f808e826e65ff35ae3bef9a03e90fc57958"
"outputs/v2_step_02_live_evidence/08_ifr_after_restart.png","2B2FAE2EDDAFA44C975D23C180684A120BA9C246446032245E48ADF320C5FF38","2B2FAE2EDDAFA44C975D23C180684A120BA9C246446032245E48ADF320C5FF38","True","c20574112bda36aec771ea669342503eec71eb82"
"outputs/v2_step_02_live_evidence/09_xvatsim_live_diagnostics_full.txt","65B79F796CEF5293965198753431AFB64335E5BBA3DD81E1101C51798814058C","65B79F796CEF5293965198753431AFB64335E5BBA3DD81E1101C51798814058C","True","09b0ea70cf8c41928e657014e2f82f11a5205c2f"
"outputs/v2_step_02_live_evidence/10_xplane_live_log.txt","246A875FE651A5EEC9B8B228C3032720D9EB07B61B89D332CB774E8F9EA634CC","246A875FE651A5EEC9B8B228C3032720D9EB07B61B89D332CB774E8F9EA634CC","True","8ac196494396c8d2af5275bd6b2e12c89f65e45f"
"outputs/v2_step_02_live_evidence/11_live_proof_summary.md","9D32B90B62226C49E6A38005931B5AED91119A282D7813C57321310F3CF75ADA","9D32B90B62226C49E6A38005931B5AED91119A282D7813C57321310F3CF75ADA","True","f8ecc9e1e436d798c335acef711ddcdb4c504669"
"outputs/v2_step_02_offline_proof_summary.md","8057038B99C0138B7C4D4D945229AE988A1D364E2D0AD03C1D3B1A137C15375C","8057038B99C0138B7C4D4D945229AE988A1D364E2D0AD03C1D3B1A137C15375C","True","a2526c7a3a753cff3e87ea74aa146fbfc7074538"
