file,projection_us,wrapping_us,presentation_us,raster_us,main_card_signature
01_unknown_no_primary.png,10,14,24,3215,8949928878432326300
02_primary_pending.png,3,10,4,3201,8949928878432326300
03_primary_vfr.png,6,16,3,3098,8949928878432326300
04_primary_mvfr.png,5,17,4,3131,8949928878432326300
05_primary_ifr.png,5,17,3,3088,8949928878432326300
06_primary_lifr.png,5,17,3,3171,8949928878432326300
07_primary_stale.png,6,16,4,2996,8949928878432326300
08_pinned_primary_history.png,5,23,4,3088,8949928878432326300
09_lookup_pending.png,2,21,4,2996,8949928878432326300
10_lookup_spotlight.png,3,26,4,2996,8949928878432326300
11_lookup_failure.png,2,23,4,2936,8949928878432326300
12_primary_preempts_spotlight.png,5,23,3,3061,8949928878432326300
13_long_raw_metar_wrapping.png,5,616,7,3269,8949928878432326300
14_main_card_zero_difference.png,4,16,4,3159,8949928878432326300
