screen,edge,scale,resolved_left,resolved_top,resolved_right,resolved_bottom,width,height,inside,remaining_vertical_pixels,closed_height,open_height,drawer_visible_lines
1280x720,left,1.35,0,683,581,0,581,683,true,37,505,683,6
1280x720,top,1.35,640,720,1221,37,581,683,true,37,505,683,6
1280x720,right,1.35,699,683,1280,0,581,683,true,37,505,683,6
1280x720,bottom,1.35,640,683,1221,0,581,683,true,37,505,683,6
1920x1080,left,1.35,0,683,581,0,581,683,true,397,505,683,6
1920x1080,top,1.35,960,1080,1541,397,581,683,true,397,505,683,6
1920x1080,right,1.35,1339,683,1920,0,581,683,true,397,505,683,6
1920x1080,bottom,1.35,960,683,1541,0,581,683,true,397,505,683,6
3840x2160,left,1.35,0,1080,581,397,581,683,true,1477,505,683,6
3840x2160,top,1.35,1920,2160,2501,1477,581,683,true,1477,505,683,6
3840x2160,right,1.35,3259,1080,3840,397,581,683,true,1477,505,683,6
3840x2160,bottom,1.35,1920,683,2501,0,581,683,true,1477,505,683,6
