"Scope","Path","RelativePath","Bytes","SHA256"
"active-plugin","C:\X-Plane 12\Resources\plugins\XVatsim\logs\xvatsim_diagnostics_2026_08_25.log","logs\xvatsim_diagnostics_2026_08_25.log","3085024","1D3F83427ECD5DA2AD608AD5B22E14F42F87B92429D7B40F906C0C370FBDF087"
"active-plugin","C:\X-Plane 12\Resources\plugins\XVatsim\logs\xvatsim_diagnostics_2026_08_26.log","logs\xvatsim_diagnostics_2026_08_26.log","880005","BD9C7B29EE6BBF058EBE600846C0B0DAA07EB86D95843E91F94BDEFFB57BB628"
"active-plugin","C:\X-Plane 12\Resources\plugins\XVatsim\logs\xvatsim_diagnostics_2026_08_27.log","logs\xvatsim_diagnostics_2026_08_27.log","285635","E396BC65BCA72C574D3C5B74186FDEAABE7D4872DEF8074B753836C5638D3427"
"active-plugin","C:\X-Plane 12\Resources\plugins\XVatsim\win_x64\authority_source_registry.json","win_x64\authority_source_registry.json","40340","3676CA43E5AFB8A5E443FDE6D04616918029E004E17EFAA022695D91E23DB60B"
"active-plugin","C:\X-Plane 12\Resources\plugins\XVatsim\win_x64\ui_transition.mp3","win_x64\ui_transition.mp3","27116","C7BBE97DAD356C68FDFE40F9E8C1CF4EADEBCCD125463214F963F66356F8D9F1"
"active-plugin","C:\X-Plane 12\Resources\plugins\XVatsim\win_x64\XVatsim.xpl","win_x64\XVatsim.xpl","2302976","E0AE9247EFCF079B6B22529DD4D089E8A59C5056A0937630634A3225C4EF5C46"
"staging","C:\X-Plane 12\Resources\plugins\XVatsim\V2 Test\step_02_pretest_backup\logs\xvatsim_diagnostics_2026_08_23.log","step_02_pretest_backup\logs\xvatsim_diagnostics_2026_08_23.log","3828256","0C42FBA5FB4DE0D8BE2E4120E8C4EBC5FBF6B20A017B586677BCDDC209EAAFB4"
"staging","C:\X-Plane 12\Resources\plugins\XVatsim\V2 Test\step_02_pretest_backup\logs\xvatsim_diagnostics_2026_08_24.log","step_02_pretest_backup\logs\xvatsim_diagnostics_2026_08_24.log","2192456","B636260B67BD48AD697DDC600B561BC1E626EE25D1EDC7C12E88A87295B13656"
"staging","C:\X-Plane 12\Resources\plugins\XVatsim\V2 Test\step_02_pretest_backup\logs\xvatsim_diagnostics_2026_08_25.log","step_02_pretest_backup\logs\xvatsim_diagnostics_2026_08_25.log","3085024","1D3F83427ECD5DA2AD608AD5B22E14F42F87B92429D7B40F906C0C370FBDF087"
"staging","C:\X-Plane 12\Resources\plugins\XVatsim\V2 Test\step_02_pretest_backup\logs\xvatsim_diagnostics_2026_08_26.log","step_02_pretest_backup\logs\xvatsim_diagnostics_2026_08_26.log","880005","BD9C7B29EE6BBF058EBE600846C0B0DAA07EB86D95843E91F94BDEFFB57BB628"
"staging","C:\X-Plane 12\Resources\plugins\XVatsim\V2 Test\step_02_pretest_backup\preferences\XVatsim.prf","step_02_pretest_backup\preferences\XVatsim.prf","212","E866EBAC005DAF39B7359A547A795D39D9AE6ED60C018B4637DA8753F67E8504"
"staging","C:\X-Plane 12\Resources\plugins\XVatsim\V2 Test\step_02_pretest_backup\preferences\XVatsim.prf.active_removed","step_02_pretest_backup\preferences\XVatsim.prf.active_removed","212","E866EBAC005DAF39B7359A547A795D39D9AE6ED60C018B4637DA8753F67E8504"
"staging","C:\X-Plane 12\Resources\plugins\XVatsim\V2 Test\step_02_pretest_backup\step_02_pretest_hashes.txt","step_02_pretest_backup\step_02_pretest_hashes.txt","887","3C3F286E99C242363E9DD42B87F2EDA9716E08C4D797ED4F61DB7150A310BE61"
"staging","C:\X-Plane 12\Resources\plugins\XVatsim\V2 Test\step_02_pretest_backup\step_02_pretest_inventory.txt","step_02_pretest_backup\step_02_pretest_inventory.txt","1122","306D3B013039B54A34FDD756EFA47DF7210C951011B904637A1B7B26209C16D5"
"staging","C:\X-Plane 12\Resources\plugins\XVatsim\V2 Test\step_02_pretest_backup\xplane\Log.txt","step_02_pretest_backup\xplane\Log.txt","220598","D4E54021690B8CEE2CCA18838C16A449705B83F38F89CCE7AB51B78193FC7E71"
"staging","C:\X-Plane 12\Resources\plugins\XVatsim\V2 Test\step_03_pretest_backup\backup_sha256_manifest.txt","step_03_pretest_backup\backup_sha256_manifest.txt","2460","A0B19A2ED9A37240CF11B78FF51F2FC964D652D64C94E4148868FCD8FCF4287D"
"staging","C:\X-Plane 12\Resources\plugins\XVatsim\V2 Test\step_03_pretest_backup\backup_verification.txt","step_03_pretest_backup\backup_verification.txt","334","B240C9954A61765036263AC0D354ECDBDB1C2E954C46E955A34C13D7F4839C1F"
"staging","C:\X-Plane 12\Resources\plugins\XVatsim\V2 Test\step_03_pretest_backup\original_v2_test_inventory.tsv","step_03_pretest_backup\original_v2_test_inventory.tsv","3264","0E505F3E3F76AB2ADB3DDFAEDC5EBDBB8325ACDC1CFC7DAC846FC724C6EDE6FA"
"staging","C:\X-Plane 12\Resources\plugins\XVatsim\V2 Test\step_03_pretest_backup\preserved\active_plugin_root\logs\xvatsim_diagnostics_2026_08_23.log","step_03_pretest_backup\preserved\active_plugin_root\logs\xvatsim_diagnostics_2026_08_23.log","3828256","0C42FBA5FB4DE0D8BE2E4120E8C4EBC5FBF6B20A017B586677BCDDC209EAAFB4"
"staging","C:\X-Plane 12\Resources\plugins\XVatsim\V2 Test\step_03_pretest_backup\preserved\active_plugin_root\logs\xvatsim_diagnostics_2026_08_24.log","step_03_pretest_backup\preserved\active_plugin_root\logs\xvatsim_diagnostics_2026_08_24.log","2192456","B636260B67BD48AD697DDC600B561BC1E626EE25D1EDC7C12E88A87295B13656"
"staging","C:\X-Plane 12\Resources\plugins\XVatsim\V2 Test\step_03_pretest_backup\preserved\active_plugin_root\logs\xvatsim_diagnostics_2026_08_25.log","step_03_pretest_backup\preserved\active_plugin_root\logs\xvatsim_diagnostics_2026_08_25.log","3085024","1D3F83427ECD5DA2AD608AD5B22E14F42F87B92429D7B40F906C0C370FBDF087"
"staging","C:\X-Plane 12\Resources\plugins\XVatsim\V2 Test\step_03_pretest_backup\preserved\active_plugin_root\logs\xvatsim_diagnostics_2026_08_26.log","step_03_pretest_backup\preserved\active_plugin_root\logs\xvatsim_diagnostics_2026_08_26.log","880005","BD9C7B29EE6BBF058EBE600846C0B0DAA07EB86D95843E91F94BDEFFB57BB628"
"staging","C:\X-Plane 12\Resources\plugins\XVatsim\V2 Test\step_03_pretest_backup\preserved\preferences\XVatsim.prf","step_03_pretest_backup\preserved\preferences\XVatsim.prf","212","830ABE79983B244D6280EBBA62A99E54601A6927C928B7332B0F2FA0CCCDF006"
"staging","C:\X-Plane 12\Resources\plugins\XVatsim\V2 Test\step_03_pretest_backup\preserved\staging_original\step_02_pretest_backup\logs\xvatsim_diagnostics_2026_08_23.log","step_03_pretest_backup\preserved\staging_original\step_02_pretest_backup\logs\xvatsim_diagnostics_2026_08_23.log","3828256","0C42FBA5FB4DE0D8BE2E4120E8C4EBC5FBF6B20A017B586677BCDDC209EAAFB4"
"staging","C:\X-Plane 12\Resources\plugins\XVatsim\V2 Test\step_03_pretest_backup\preserved\staging_original\step_02_pretest_backup\logs\xvatsim_diagnostics_2026_08_24.log","step_03_pretest_backup\preserved\staging_original\step_02_pretest_backup\logs\xvatsim_diagnostics_2026_08_24.log","2192456","B636260B67BD48AD697DDC600B561BC1E626EE25D1EDC7C12E88A87295B13656"
"staging","C:\X-Plane 12\Resources\plugins\XVatsim\V2 Test\step_03_pretest_backup\preserved\staging_original\step_02_pretest_backup\logs\xvatsim_diagnostics_2026_08_25.log","step_03_pretest_backup\preserved\staging_original\step_02_pretest_backup\logs\xvatsim_diagnostics_2026_08_25.log","3085024","1D3F83427ECD5DA2AD608AD5B22E14F42F87B92429D7B40F906C0C370FBDF087"
"staging","C:\X-Plane 12\Resources\plugins\XVatsim\V2 Test\step_03_pretest_backup\preserved\staging_original\step_02_pretest_backup\logs\xvatsim_diagnostics_2026_08_26.log","step_03_pretest_backup\preserved\staging_original\step_02_pretest_backup\logs\xvatsim_diagnostics_2026_08_26.log","880005","BD9C7B29EE6BBF058EBE600846C0B0DAA07EB86D95843E91F94BDEFFB57BB628"
"staging","C:\X-Plane 12\Resources\plugins\XVatsim\V2 Test\step_03_pretest_backup\preserved\staging_original\step_02_pretest_backup\preferences\XVatsim.prf","step_03_pretest_backup\preserved\staging_original\step_02_pretest_backup\preferences\XVatsim.prf","212","E866EBAC005DAF39B7359A547A795D39D9AE6ED60C018B4637DA8753F67E8504"
"staging","C:\X-Plane 12\Resources\plugins\XVatsim\V2 Test\step_03_pretest_backup\preserved\staging_original\step_02_pretest_backup\preferences\XVatsim.prf.active_removed","step_03_pretest_backup\preserved\staging_original\step_02_pretest_backup\preferences\XVatsim.prf.active_removed","212","E866EBAC005DAF39B7359A547A795D39D9AE6ED60C018B4637DA8753F67E8504"
"staging","C:\X-Plane 12\Resources\plugins\XVatsim\V2 Test\step_03_pretest_backup\preserved\staging_original\step_02_pretest_backup\step_02_pretest_hashes.txt","step_03_pretest_backup\preserved\staging_original\step_02_pretest_backup\step_02_pretest_hashes.txt","887","3C3F286E99C242363E9DD42B87F2EDA9716E08C4D797ED4F61DB7150A310BE61"
"staging","C:\X-Plane 12\Resources\plugins\XVatsim\V2 Test\step_03_pretest_backup\preserved\staging_original\step_02_pretest_backup\step_02_pretest_inventory.txt","step_03_pretest_backup\preserved\staging_original\step_02_pretest_backup\step_02_pretest_inventory.txt","1122","306D3B013039B54A34FDD756EFA47DF7210C951011B904637A1B7B26209C16D5"
"staging","C:\X-Plane 12\Resources\plugins\XVatsim\V2 Test\step_03_pretest_backup\preserved\staging_original\step_02_pretest_backup\xplane\Log.txt","step_03_pretest_backup\preserved\staging_original\step_02_pretest_backup\xplane\Log.txt","220598","D4E54021690B8CEE2CCA18838C16A449705B83F38F89CCE7AB51B78193FC7E71"
"staging","C:\X-Plane 12\Resources\plugins\XVatsim\V2 Test\step_03_pretest_backup\preserved\xplane\Log.txt","step_03_pretest_backup\preserved\xplane\Log.txt","155105","6E049A3B0BF02A141EB4D44F44A501EA2D6B5C1788CB9EC805740196AB16E65F"
"staging","C:\X-Plane 12\Resources\plugins\XVatsim\V2 Test\step_03_pretest_backup\pretest_inventory.tsv","step_03_pretest_backup\pretest_inventory.tsv","4657","151D94051814EF94C86938F1677EB2227BB3AD38837172AB06C198FB9C272C5E"
"staging","C:\X-Plane 12\Resources\plugins\XVatsim\V2 Test\step_03_pretest_backup\pretest_xpl_inventory.txt","step_03_pretest_backup\pretest_xpl_inventory.txt","78","60387C5BCCE03F27E6B47DFD0E6A69CB89999085338B7F265C6C8CC9557E0B78"
"staging","C:\X-Plane 12\Resources\plugins\XVatsim\V2 Test\step_03_pretest_backup\xvatsim_diagnostic_logs.tsv","step_03_pretest_backup\xvatsim_diagnostic_logs.tsv","1027","126496C0C247DE2C4099A700E177A22FB31036A3F9B78FD3984474DB4BE9A4DD"
"external","C:\X-Plane 12\Output\preferences\XVatsim.prf","XVatsim.prf","233","98299A5FAF667817C3921B2A06B9C34F433375F4A5A1BB9DDB565FD0366E6B07"
"external","C:\X-Plane 12\Log.txt","Log.txt","169427","889AD2D9E1EA5F58CF0EF60B8CEC44B80502EC1281EEA0A0BA63F774F61F9CA5"
