"Path","Entries","SHA256"
"C:\Users\DARRON\OneDrive\Documents\XVatsim-V2\outputs\v2_step_03_live_evidence\SHA256SUMS.txt","23","2884C1BCC6091FF9BD98757CDD273BD59BAD059E157DA265D1984968118CF30D"
"C:\Users\DARRON\OneDrive\Documents\XVatsim-V2\outputs\v2_step_03_live_evidence\final_fixture_off_smoke_2026-08-27\SHA256SUMS.txt","15","08ADF4C7923D799531BE3A46A9E5D8079B5516563CB35930CAA04F2B1F338D04"
"C:\Users\DARRON\OneDrive\Documents\XVatsim-V2\outputs\v2_step_03_live_fixture_evidence\SHA256SUMS.txt","14","F132413C992FA2C0E6ABC7E57ACD4149ED2B6F93C5AB4441727EE1F16D3DB239"
"C:\Users\DARRON\OneDrive\Documents\XVatsim-V2\outputs\v2_step_03_live_fixture_evidence\corrected_fixture_deployment\SHA256SUMS.txt","5","5DB68F9ABAD08D33BD419F6F125EF2BD12A232B0FCCB10CACBAB96C7B4EF7E72"
"C:\Users\DARRON\OneDrive\Documents\XVatsim-V2\outputs\v2_step_03_live_fixture_evidence\dual_clock_deployment\SHA256SUMS.txt","6","F4155494FFDCDA98984AB3A1670589FF23F09B014267AA1EF003DA7D2BD26AC2"
"C:\Users\DARRON\OneDrive\Documents\XVatsim-V2\outputs\v2_step_03_live_fixture_evidence\lifecycle_correction\SHA256SUMS.txt","19","4508D9BA19A77B895DB1FA4EDAC330A62A6F0EC620F105527A90956A879A48D8"
"C:\Users\DARRON\OneDrive\Documents\XVatsim-V2\outputs\v2_step_03_live_fixture_evidence\nonblocking_worker_live_reproof_2026-08-27\SHA256SUMS.txt","10","164F60A0F1C49167149C1A35FA2BEEA756F8EF1347121596988C53D5A51435AB"
"C:\Users\DARRON\OneDrive\Documents\XVatsim-V2\outputs\v2_step_03_live_fixture_evidence\phase2_failed_startup_attempt_2026-08-27\SHA256SUMS.txt","5","D6F5F6D8C69DC5F076B4EF6ED1E292B1DF870FBB9E03A6BD14B532ADFF85527C"
"C:\Users\DARRON\OneDrive\Documents\XVatsim-V2\outputs\v2_step_03_live_fixture_evidence\registration_cleanup\SHA256SUMS.txt","16","56A529E9632380E707F0F9053B8337E68167D632D7D8A3D62AAF31EB6CD7054A"
