sha256	bytes	path
4814AE6E7E75E3763B77FB1FC8F7A577893B24089176A3F498D79F9C2924E6B2	5833	modules/runtime_workers/include/XVatsim/modules/runtime_workers/AsyncDiagnosticsWriter.h
C77987CCB027D4220AF2E46DAF6E43E180BAA8D3BAB7D2C1217F742291F51393	42136	modules/runtime_workers/src/AsyncDiagnosticsWriter.cpp
398FEF9F479EF8794E6892EDF549738B1668F09148BF546E25C126743CAF8891	22717	modules/route_sector/include/XVatsim/modules/route_sector/RouteSectorResolver.h
FD4DACA5FE6A183D1B3CBA20E68B7F63725832D3715BE880150E9C1E3F5DD8EE	35323	modules/route_sector/src/RoutePreparationWorker.cpp
078CDF2D0583C3BDFB6B553AD5AB94816E4BBA8963EBCA1BEA53D1A561BDF9C6	295938	plugin/src/XVatsimPlugin.cpp
32B26808BB68BD5B41F3F8A105F688F3639285FBC29ACA2C5976C6D1BFC08A37	1639	tools/regression_harness/CMakeLists.txt
12338D482A79C5DAE38C8B114FBA6EEA24BAAB882601899EA6FAF45666D48541	1355720	tools/regression_harness/src/main.cpp
61CAEC840221C8E678641C2B3BAAD629AE659D48B4CCDADF89E5664D08C6856E	54930	tools/regression_harness/src/PerformanceContractGateBProbe.cpp
76CC86357F77E8C1D4B76FEC810AE078CCB7C1991C62A9470737BDAAD5F7FAC3	201	tools/regression_harness/src/PerformanceContractGateBTelemetryProbe.h
15E99755283659398FC6BE20513809B5377E52E7FDE6973AD8E1FA9AF32E9273	16228	tools/regression_harness/src/PerformanceContractGateBTelemetryProbe.cpp
